<?xml version="1.0" standalone="no"?>
<!DOCTYPE plot PUBLIC "-//UC Berkeley//DTD MoML 1//EN"
    "http://ptolemy.eecs.berkeley.edu/xml/dtd/MoML_1.dtd">
<entity name="Conversions" class="ptolemy.moml.EntityLibrary">
  <configure>
    <?moml
      <group>
<doc>Conversion actors</doc>

  <entity name="BooleanToAnything"
          class="ptolemy.actor.lib.conversions.BooleanToAnything">
  </entity>

  <entity name="CartesianToPolar"
          class="ptolemy.actor.lib.conversions.CartesianToPolar">
  </entity>

  <entity name="PolarToCartesian"
          class="ptolemy.actor.lib.conversions.PolarToCartesian">
  </entity>

      </group>
    ?>
  </configure>
</entity>


