<?xml version="1.0" standalone="no"?>
<!DOCTYPE plot PUBLIC "-//UC Berkeley//DTD MoML 1//EN"
    "http://ptolemy.eecs.berkeley.edu/xml/dtd/MoML_1.dtd">
<entity name="String" class="ptolemy.moml.EntityLibrary">
  <configure>
    <?moml
      <group>

      <entity name="StringCompare" class="ptolemy.actor.lib.string.StringCompare">
       	<doc>Output a comparison function of two strings</doc>
        <property name="_icon" class="ptolemy.vergil.icon.AttributeValueIcon">
          <property name="attributeName" value="function"/>
          <property name="displayWidth" value="10"/>
        </property>
      </entity>
      
      <entity name="StringFunction" class="ptolemy.actor.lib.string.StringFunction">
        <doc>Trim a string, convert a string to uppercase, or convert a string to
            lowercase depending on the user's selection.</doc>
        <property name="_icon" class="ptolemy.vergil.icon.AttributeValueIcon">
          <property name="attributeName" value="function"/>
          <property name="displayWidth" value="11"/>
        </property>
      </entity>

      <entity name="StringIndexOf" class="ptolemy.actor.lib.string.StringIndexOf">
       <doc>Output the length of an input string</doc>
      </entity>

      <entity name="StringLength" class="ptolemy.actor.lib.string.StringLength">
       <doc>Output the length of an input string</doc>
      </entity>
      
      <entity name="StringMatches" class="ptolemy.actor.lib.string.StringMatches">
       <doc>Determine if a string matches a regular expression</doc>
      </entity>
      
      <entity name="StringSubstring" class="ptolemy.actor.lib.string.StringSubstring">
       <doc>Output a substring of an input string</doc>
      </entity>

      </group>
    ?>
  </configure>
</entity>
