<?xml version="1.0" standalone="no"?>
<!DOCTYPE plot PUBLIC "-//UC Berkeley//DTD MoML 1//EN"
    "http://ptolemy.eecs.berkeley.edu/xml/dtd/MoML_1.dtd">
<entity name="Aggregators" class="ptolemy.moml.EntityLibrary">
  <configure>
    <?moml
      <group>
  <doc>Actors that aggregate or disaggregate signals.</doc>
  <entity name="Commutator" class="ptolemy.actor.lib.Commutator"/>
  <entity name="Distributor" class="ptolemy.actor.lib.Distributor"/>
  <entity name="Synchronizer" class="ptolemy.actor.lib.Synchronizer"/>
      </group>
    ?>
  </configure>
</entity>
