<?xml version="1.0" standalone="no"?>
<!DOCTYPE plot PUBLIC "-//UC Berkeley//DTD MoML 1//EN"
    "http://ptolemy.eecs.berkeley.edu/xml/dtd/MoML_1.dtd">
<entity name="Array" class="ptolemy.moml.EntityLibrary">
  <configure>
    <?moml
      <group>
<doc>Array manipulation actors</doc>

<entity name="ArrayAppend" class="ptolemy.actor.lib.ArrayAppend"/>
<entity name="ArrayAverage" class="ptolemy.actor.lib.ArrayAverage"/>
<entity name="ArrayElement" class="ptolemy.actor.lib.ArrayElement"/>
<entity name="ArrayExtract" class="ptolemy.actor.lib.ArrayExtract"/>
<entity name="ArrayLength" class="ptolemy.actor.lib.ArrayLength"/>
<entity name="ArrayLevelCrossing" class="ptolemy.actor.lib.ArrayLevelCrossing"/>
<entity name="ArrayMaximum" class="ptolemy.actor.lib.ArrayMaximum"/>
<entity name="ArrayMinimum" class="ptolemy.actor.lib.ArrayMinimum"/>
<!-- "ArrayPeakSearch" -->
<!-- "ArraySort" -->
<entity name="ArrayToElements" class="ptolemy.actor.lib.ArrayToElements"/>
<!-- "ArrayToSequence" -->

<entity name="ElementsToArray" class="ptolemy.actor.lib.ElementsToArray"/>
<!-- "SequenceToArray" -->

      </group>
    ?>
  </configure>
</entity>


