<?xml version="1.0" standalone="no"?>
<!DOCTYPE plot PUBLIC "-//UC Berkeley//DTD MoML 1//EN"
    "http://ptolemy.eecs.berkeley.edu/xml/dtd/MoML_1.dtd">
<entity name="BooleanFlowControl" class="ptolemy.moml.EntityLibrary">
  <configure>
    <?moml
      <group>
      <doc>Boolean Flow Control Actors</doc>
        <entity name="BooleanMultiplexor"
	        class="ptolemy.actor.lib.BooleanMultiplexor"/>
	<entity name="BooleanSelect" class="ptolemy.actor.lib.BooleanSelect"/>
	<!-- "BooleanSwitch" -->
	<!-- "CountTrues" -->

      </group>
    ?>
  </configure>
</entity>
