<?xml version="1.0" standalone="no"?>
<!DOCTYPE plot PUBLIC "-//UC Berkeley//DTD MoML 1//EN"
    "http://ptolemy.eecs.berkeley.edu/xml/dtd/MoML_1.dtd">
<entity name="GenericSources" class="ptolemy.moml.EntityLibrary">
  <configure>
    <?moml
      <group>
<doc>Sources of sequences of values. </doc>

<entity name="Const" class="ptolemy.actor.lib.Const">
<doc>Create a constant sequence.</doc>
   <property name="_icon" class="ptolemy.vergil.icon.BoxedValueIcon">
      <property name="attributeName" value="value"/>
      <property name="displayWidth" value="60"/>
   </property>
</entity>

<entity name="StringConst" class="ptolemy.actor.lib.StringConst">
<doc>Create a constant sequence with a string value.</doc>
   <property name="_icon" class="ptolemy.vergil.icon.BoxedValueIcon">
      <property name="attributeName" value="value"/>
      <property name="displayWidth" value="80"/>
   </property>
</entity>
      </group>
    ?>
  </configure>
</entity>


