<?xml version="1.0" standalone="no"?>
<!DOCTYPE plot PUBLIC "-//UC Berkeley//DTD MoML 1//EN"
    "http://ptolemy.eecs.berkeley.edu/xml/dtd/MoML_1.dtd">
<entity name="GenericSinks" class="ptolemy.moml.EntityLibrary">
  <configure>
    <?moml
      <group>
<doc>Sinks that are time based. </doc>

<entity name="Discard" class="ptolemy.actor.lib.Discard"/>
<entity name="Display" class="ptolemy.actor.lib.gui.Display"/>

<entity name="MonitorValue" class="ptolemy.actor.lib.MonitorValue">
<doc>Monitor and display values</doc>
   <property name="displayWidth" class="ptolemy.data.expr.Parameter" value="20"/>
   <property name="_icon" class="ptolemy.vergil.icon.UpdatedValueIcon">
      <property name="attributeName" value="value"/>
      <property name="displayWidth" value="displayWidth"/>
   </property>
</entity>

      </group>
    ?>
  </configure>
</entity>
