<?xml version="1.0" standalone="no"?>
<!DOCTYPE plot PUBLIC "-//UC Berkeley//DTD MoML 1//EN"
    "http://ptolemy.eecs.berkeley.edu/xml/dtd/MoML_1.dtd">
<entity name="Math" class="ptolemy.moml.EntityLibrary">
  <configure>
    <?moml
      <group>
  <doc>Arithmetic and mathematical functions</doc>

  <entity name="AbsoluteValue" class="ptolemy.actor.lib.AbsoluteValue">
  </entity>

  <entity name="AddSubtract" class="ptolemy.actor.lib.AddSubtract">
  </entity>

  <entity name="Accumulator" class="ptolemy.actor.lib.Accumulator">
  </entity>

  <entity name="Average" class="ptolemy.actor.lib.Average">
  </entity>

  <entity name="Differential" class="ptolemy.actor.lib.Differential">
  </entity>

  <entity name="DotProduct" class="ptolemy.domains.sdf.lib.DotProduct">
  </entity>

  <entity name="Limiter" class="ptolemy.actor.lib.Limiter">
  </entity>

  <entity name="LookupTable" class="ptolemy.actor.lib.LookupTable">
  </entity>

  <entity name="Maximum" class="ptolemy.actor.lib.Maximum">
  </entity>

  <entity name="Minimum" class="ptolemy.actor.lib.Minimum">
  </entity>

  <entity name="MultiplyDivide" class="ptolemy.actor.lib.MultiplyDivide">
  </entity>

  <entity name="Quantizer" class="ptolemy.actor.lib.Quantizer">
  </entity>

  <entity name="Remainder" class="ptolemy.actor.lib.Remainder">
  </entity>

  <entity name="Scale" class="ptolemy.actor.lib.Scale">
    <property name="_icon" class="ptolemy.vergil.icon.AttributeValueIcon">
        <property name="attributeName" value="factor"/>
    </property>
  </entity>

  <entity name="TrigFunction" class="ptolemy.actor.lib.TrigFunction">
    <property name="_icon" class="ptolemy.vergil.icon.AttributeValueIcon">
        <property name="attributeName" value="function"/>
    </property>
  </entity>

  <entity name="UnaryMathFunction" class="ptolemy.actor.lib.UnaryMathFunction">
    <property name="_icon" class="ptolemy.vergil.icon.AttributeValueIcon">
        <property name="attributeName" value="function"/>
    </property>
  </entity>

      </group>
    ?>
  </configure>
</entity>
